m,y,p,c,u,lat,lng,t
107000,1400,"Elbogen","CZ","7823",50.18333,12.73333,"Iron, IID"
103.3,1491,"Rivolta de Bassi","IT","22614",45.48333,9.51667,"Stone-uncl"
127000,1492,"Ensisheim","FR","10039",47.86667,7.35,"LL6"
15000,1583,"Castrovillari","IT","5295",39.8,16.2,"Stone-uncl"
1967,1621,"Jalandhar","IN","12069",31,75,"Iron"
10400,1623,"Stretchleigh","GB","23732",50.38333,-3.95,"Stone-uncl"
29000,1628,"Hatford","GB","11855",51.65,-1.51667,"Stone-uncl"
1040,1632,"Minamino","JP","16692",35.07833,136.93333,"L"
17000,1637,"Mount Vaisi","FR","16805",44.08333,6.86667,"Stone-uncl"
40,1668,"Vago","IT","24143",45.41667,11.13333,"H6"
695,1688,"Sasagase","JP","23187",34.71667,137.78333,"H"
7000,1715,"Schellin","PL","23457",53.35,15.05,"L"
24700,1740,"Rasgrad","BG","22396",43.5,26.53333,"Stone-uncl"
14360,1741,"Ogi","JP","17994",33.28333,130.2,"H6"
49000,1751,"Hraschina","HR","11916",46.1,16.33333,"Iron, IID"
14000,1753,"Luponnas","FR","14757",46.21667,5,"H3-5"
7540,1753,"Tabor","CZ","23776",49.4,14.65,"H5"
14,1760,"Brianza","IT","5138",45.75,9.25,"Pseudometeorite"
2000,1766,"Albareto","IT","453",44.65,11.01667,"L/LL4"
19000,1768,"Mauerkirchen","AT","15446",48.18333,13.13333,"L6"
3500,1768,"Lucé","FR","14724",47.85,0.48333,"L6"
4000,1773,"Sena","ES","23495",41.71667,-0.05,"H4"
2900,1775,"Rodach","DE","22642",50.35,10.8,"Stone-uncl"
3000,1785,"Eichstädt","DE","7775",48.9,11.21667,"H5"
1500,1787,"Kharkov","UA","12291",50.625,35.075,"L6"
3700,1794,"Siena","IT","23586",43.11667,11.6,"LL5"
25000,1795,"Wold Cottage","GB","24325",54.13667,-0.41333,"L6"
4500,1796,"Portugal","PT","18876",38.5,-8,"Stone-uncl"
25.5,1795,"Mulletiwu","LK","16851",9.33333,80.83333,"L"
9000,1798,"Salles","FR","23111",46.05,4.63333,"L5"
3700,1798,"Benares","IN","5011",25.36667,82.91667,"LL4"
220,1801,"Mauritius","MU","15447",-20,57,"L6"
37000,1803,"L'Aigle","FR","12434",48.76667,0.63333,"L6"
3200,1803,"Apt","FR","2320",43.86667,5.38333,"L6"
1600,1803,"Mässing","DE","15443",48.13333,12.61667,"Howardite"
100,1804,"Darmstadt","DE","6603",49.86667,8.65,"H5"
56,1804,"Bocas","MX","5093",23,-102,"L6"
41,1805,"Asco","FR","2345",42.45,9.033329999999999,"H6"
3891,1805,"Doroninsk","RU","7718",51.2,112.3,"H5-7"
6000,1806,"Alais","FR","448",44.11667,4.08333,"CI1"
150000,1807,"Weston","US","24249",41.266667,-73.266667,"H4"
65500,1807,"Timochin","RU","24004",54.5,35.2,"H5"
70,1808,"Moradabad","IN","16740",28.78333,78.83333,"L6"
12800,1808,"Lissa","CZ","14661",50.2,14.85,"L6"
1676,1808,"Borgo San Donino","IT","5110",44.86667,10.05,"LL6"
195,1809,"Kikino","RU","12306",55,34,"H6"
27000,1810,"Charsonville","FR","5329",47.93333,1.56667,"H6"
1360,1810,"Caswell County","US","5296",36.5,-79.25,"OC"
1440,1811,"Berlanguillas","ES","5029",41.68333,-3.8,"L6"
6000,1811,"Kuleschovka","UA","12370",50.75,33.5,"L6"
100,1811,"Punganaru","IN","18902",13.33333,78.95,"Stone-uncl"
31500,1812,"Chantonnay","FR","5325",46.68333,1.05,"L6"
2250,1812,"Erxleben","DE","10049",52.21667,11.25,"H6"
1030,1812,"Toulouse","FR","24036",43.6,1.4,"H6"
500,1812,"Borodino","RU","5114",55.46667,35.86667,"H5"
50000,1813,"Limerick","IE","14652",52.56667,-8.783329999999999,"H5"
885,1813,"Luotolax","FI","14756",61.2,27.7,"Howardite"
30000,1814,"Agen","FR","392",44.21667,0.6166700000000001,"H5"
18000,1814,"Bachmut","UA","4917",48.6,38,"L6"
28,1814,"Gurram Konda","IN","11464",13.78333,78.56667,"L6"
0.5,1814,"Chail","IN","5314",25.36667,81.66667,"H6"
4000,1815,"Chassigny","FR","5331",47.71667,5.36667,"Martian (chassignite)"
0.2,1817,"Hachi-oji","JP","11468",35.65,139.33333,"H?"
5000,1819,"Jonzac","FR","12202",45.43333,-0.45,"Eucrite-mmict"
8500,1818,"Seres","GR","23501",41.05,23.56667,"H4"
3000,1819,"Pohlitz","DE","18853",50.93333,12.13333,"L5"
2750,1818,"Slobodka","RU","23645",55,35,"L4"
5213,1820,"Lixna","LV","14670",56,26.43333,"H4"
91000,1821,"Juvinas","FR","12214",44.71667,4.3,"Eucrite-mmict"
277,1822,"Épinal","FR","10041",48.18333,6.46667,"H5"
100,1822,"Umbala","IN","24112",30.33333,76.33333,"LL5"
4000,1822,"Futtehpur","IN","10839",25.95,80.81667,"L6"
89,1822,"Kadonah","IN","12221",27.08333,78.33333,"H6"
2300,1823,"Nobleborough","US","16984",44.08333,-69.48333,"Eucrite-pmict"
614,1823,"Botschetschki","UA","5117",51.33333,33.88333,"L4"
2000,1824,"Tounkin","RU","24037",51.73333,102.53333,"OC"
1000,1824,"Renazzo","IT","22586",44.76667,11.28333,"CR2"
7500,1825,"Nanjemoy","US","16904",38.41667,-77.16667,"H6"
2420,1825,"Honolulu","US","11904",21.3,-157.86667,"L5"
42,1826,"Mineo","IT","16696",37.28333,14.7,"Pallasite"
132.7,1826,"Galapian","FR","10846",44.3,0.4,"H6"
5000,1827,"Drake Creek","US","7728",36.4,-86.5,"L6"
40000,1826,"Pavlograd","UA","18176",48.53333,35.98333,"L6"
4000,1827,"Bialystok","PL","5042",53.1,23.2,"Eucrite-pmict"
350,1827,"Mhow","IN","16629",25.9,83.61667,"L6"
1800,1828,"Richmond","US","22603",37.46667,-77.5,"LL5"
16300,1829,"Forsyth","US","10164",33.01667,-83.96666999999999,"L6"
2440,1829,"Krasnoi-Ugol","RU","12355",54.03333,40.9,"L6"
1060,1830,"Launton","GB","12740",51.9,-1.11667,"L6"
28,1829,"Deal","US","6634",40.25,-74,"L6"
472,861,"Nogata","JP","16988",33.725,130.75,"L6"
4500,1671,"Ortenau","DE","18033",48.5,8,"Stone-uncl"
39,1723,"Severocesky","CZ","18849",50.53333,14.11667,"L5"
6400,1790,"Barbotan","FR","4942",43.95,-0.05,"H5"
1850,1796,"Bjelaja Zerkov","UA","5063",49.78333,30.16667,"H6"
4500,1804,"High Possil","GB","11884",55.9,-4.23333,"L6"
52000,1808,"Stannern","CZ","23713",49.28333,15.56667,"Eucrite-mmict"
3520,1810,"Mooresfort","IE","16737",52.45,-8.33333,"H5"
13200,1815,"Durala","IN","7750",30.3,76.63333,"L6"
2,1830,"Perth","GB","18797",56.4,-3.43333,"LL5"
20000,1831,"Vouillé","FR","24191",46.63333,0.16667,"L6"
3750,1831,"Wessely","CZ","24244",48.95,17.38333,"H5"
470,1833,"Blansko","CZ","5072",49.36667,16.63333,"H6"
12000,1834,"Charwallas","IN","5330",29.48333,75.5,"H6"
12000,1834,"Okniny","UA","18002",50.83333,25.5,"LL6"
4300,1835,"Charlotte","US","5328",36.16667,-87.33333,"Iron, IVA"
700,1835,"Aldsworth","GB","461",51.78333,-1.78333,"LL5"
1500,1836,"Macau","BR","15370",-5.2,-36.66667,"H5"
1000,1836,"Mascombes","FR","15438",45.36667,1.86667,"L6"
800,1836,"Aubres","FR","4893",44.38333,5.16667,"Aubrite"
10500,1837,"Gross-Divina","SK","11207",49.26667,18.71667,"H5"
1500,1837,"Esnandes","FR","10051",46.25,-1.1,"L6"
8800,1838,"Chandakapur","IN","5320",20.26667,76.01667000000001,"L5"
5200,1838,"Cold Bokkeveld","ZA","5397",-33.13333,19.38333,"CM2"
500,1838,"Montlivault","FR","16729",47.63333,1.58333,"L6"
1800,1838,"Akbarpur","IN","427",29.71667,77.95,"H4"
6460,1840,"Cereseto","IT","5308",45.08333,8.300000000000001,"H5"
230,1838,"Kaee","IN","12222",27.25,79.96666999999999,"H5"
491,1839,"Little Piney","US","14664",37.91667,-92.08333,"L5"
3000,1840,"Karakol","KZ","12256",47.21667,81.01667000000001,"LL6"
710,1840,"Uden","NL","24103",51.65,5.61667,"LL7"
30000,1841,"Château-Renard","FR","5332",47.93333,2.91667,"L6"
5500,1841,"St. Christophe-la-Chartreuse","FR","23082",46.95,-1.5,"L6"
1000,1841,"Grüneberg","PL","11426",51.93333,15.5,"H4"
10000,1842,"Milena","HR","16640",46.18333,16.1,"L6"
3200,1842,"Barea","ES","4946",42.38333,-2.5,"Mesosiderite-A1"
2000,1842,"Aumieres","FR","4900",44.33333,3.23333,"L6"
9700,1843,"Utrecht","NL","24135",52.11667,5.18333,"L6"
8000,1843,"Verkhne Tschirskaia","RU","24165",48.41667,43.2,"H5"
6000,1843,"Bishopville","US","5059",34.16667,-80.28333000000001,"Aubrite"
3250,1843,"Klein-Wenden","DE","12332",51.6,10.8,"H6"
50,1843,"Manegaon","IN","15403",20.96667,76.09999999999999,"Diogenite"
1500,1844,"Favars","FR","10078",44.38333,2.81667,"H5"
1200,1844,"Cosina","MX","5451",21.16667,-100.86667,"H5"
140,1844,"Killeter","GB","12309",54.66667,-7.66667,"H6"
3000,1845,"Le Pressoir","FR","12748",47.16667,0.43333,"H5"
780,1845,"Le Teilleul","FR","12749",48.53333,-0.8666700000000001,"Howardite"
8000,1846,"Sch̦nenberg","DE","23460",48.11667,10.46667,"L6"
3130,1846,"Monte Milone","IT","16726",43.26667,13.35,"L5"
2300,1846,"Cape Girardeau","US","5260",37.26667,-89.58333,"H6"
39000,1847,"Braunau","CZ","5133",50.6,16.3,"Iron, IIAB"
28400,1847,"Marion (Iowa)","US","15424",41.9,-91.59999999999999,"L6"
3000,1848,"Marmande","FR","15429",44.5,0.15,"L5"
1800,1848,"Dharwar","IN","6699",14.88333,75.59999999999999,"OC"
850,1848,"Ski","NO","23621",59.73333,10.86667,"L6"
94,1848,"Castine","US","5293",44.38333,-68.75,"L6"
8600,1849,"Monroe","US","16720",35.25,-80.5,"H4"
135000,1850,"Kesen","JP","12286",38.98333,141.61667,"H4"
4000,1850,"Shalka","IN","23521",23.1,87.3,"Diogenite"
5000,1851,"Nulles","ES","17959",41.63333,0.75,"H6"
1000,1851,"Gütersloh","DE","11466",51.91667,8.383330000000001,"H3/4"
65,1851,"Quincay","FR","22363",46.6,0.25,"L6"
22700,1852,"Mez̦-Madaras","RO","16628",46.5,25.73333,"L3.7"
7000,1852,"Borkut","UA","5113",48.15,24.28333,"L5"
1500,1852,"Bustee","IN","5181",26.78333,82.83333,"Aubrite"
18000,1853,"Girgenti","IT","10917",37.31667,13.56667,"L6"
6930,1853,"Segowlie","IN","23476",26.75,84.78333000000001,"LL6"
577,1853,"Duruma","KE","7752",-4,39.5,"L6"
1862,1854,"Linum","DE","14655",52.75,12.9,"L6"
7250,1855,"Bremerv̦rde","DE","5135",53.4,9.1,"H/L3.9"
6000,1855,"Oesel","EE","17989",58.5,23,"L6"
2006,1855,"Legnano","IT","12758",45.25,11.25,"Pseudometeorite"
1800,1855,"Petersburg","US","18801",35.3,-86.63333,"Eucrite-pmict"
1250,1855,"Sabetmahet","IN","22792",27.43333,82.08333,"H5"
700,1855,"St. Denis Westrem","BE","23083",51.05,3.75,"L6"
146,1855,"Avilez","MX","4907",25,-103.5,"H"
11800,1856,"Trenzano","IT","24046",45.46667,10,"H3/4"
35,1855,"Igast","EE","12001",57.83333,26.26667,"Pseudometeorite"
205,1856,"Oviedo","ES","18058",43.4,-5.86667,"H5"
77600,1857,"Parnallee","IN","18108",9.233330000000001,78.34999999999999,"LL3.6"
16250,1857,"Ohaba","RO","17995",46.06667,23.58333,"H5"
6045,1857,"Quenggouk","MM","22358",17.76667,95.18333,"H4"
3000,1857,"Kaba","HU","12218",47.35,21.3,"CV3"
1500,1857,"Stavropol","RU","23717",45.05,41.98333,"L6"
1000,1857,"Heredia","CR","11875",10,-84.09999999999999,"H5"
125,1857,"Les Ormes","FR","12769",48.35,3.25,"L6"
144000,1858,"Molina","ES","16715",38.11667,-1.16667,"H5"
50000,1858,"Ausson","FR","4903",43.08333,0.58333,"L5"
10500,1859,"Pampanga","PH","18093",15.08333,120.7,"L5"
577,1858,"Kakowa","RO","12231",45.13333,21.66667,"L6"
2000,1859,"Beuste","FR","5034",43.21667,-0.23333,"L5"
680,1859,"Harrison County","US","11842",38.25,-86.16667,"L6"
13.9,1859,"Bethlehem","US","5032",42.53333,-73.83333,"H"
230000,1860,"New Concord","US","16953",40,-81.76667000000001,"L6"
54,1860,"Sologne","FR","23663",47.36667,1.73333,"H5"
908,1860,"Alessandria","IT","463",44.88333,8.75,"H5"
32000,1860,"Dhurmsala","IN","7640",32.23333,76.46666999999999,"LL6"
450,1860,"Kheragur","IN","12294",26.95,77.88333,"L6"
29000,1861,"Butsura","IN","5183",27.08333,84.08333,"H6"
5,1860,"Kusiali","IN","12382",29.68333,78.38333,"L6"
3500,1861,"Grosnaja","RU","11206",43.66667,45.38333,"CV3"
22,1861,"Meerut","IN","15469",29.01667,77.8,"H5"
945,1861,"Cañellas","ES","5251",41.25,1.66667,"H4"
180,1862,"Sevilla","ES","23508",37.41667,-6,"LL4"
10500,1862,"Menow","DE","15485",53.18333,13.15,"H4"
23250,1863,"Pillistfer","EE","18822",58.66667,25.73333,"EL6"
14500,1863,"Tourinnes-la-Grosse","BE","24038",50.78333,4.76667,"L6"
5000,1863,"Buschhof","RO","5178",46.45,25.78333,"L6"
1700,1863,"Manbhoom","IN","15402",23.05,86.7,"LL6"
3200,1863,"Shytal","BD","23584",24.33333,90.16667,"L6"
560,1863,"Pulsora","IN","18899",23.36667,75.18333,"H5"
14000,1864,"Orgueil","FR","18026",43.88333,1.38333,"CI1"
10250,1864,"Nerft","LV","16945",56.5,21.5,"L6"
1600,1864,"Dolgovoli","UA","7659",50.75,25.3,"L6"
50000,1865,"Aumale","DZ","4899",36.16667,3.66667,"L6"
7235,1865,"Supuhee","IN","23760",26.71667,84.21666999999999,"H6"
5000,1865,"Shergotty","IN","23530",24.55,84.83333,"Martian (shergottite)"
4400,1865,"Muddoor","IN","16841",12.63333,77.01667000000001,"L5"
2270,1865,"Dundrum","IE","7745",52.55,-8.033329999999999,"H5"
1500,1865,"Vernon County","US","24168",43.5,-91.16667,"H6"
500000,1866,"Knyahinya","SK","12335",48.9,22.4,"L/LL5"
1600,1865,"Gopalpur","BD","10948",24.23333,89.05,"H6"
34000,1866,"Cangas de Onis","ES","5252",43.38333,-5.15,"H5"
17100,1866,"Sone","JP","23667",35.16667,135.33333,"H5"
8300,1866,"St. Mesmin","FR","23092",48.45,3.93333,"LL6"
3600,1866,"Udipi","IN","24104",13.48333,74.78333000000001,"H5"
350,1866,"Pokhra","IN","18858",26.71667,82.66667,"H5"
22,1866,"Jamkheir","IN","12072",18.75,75.33333,"H6"
9000,1867,"Tadjera","DZ","23778",36.18333,5.41667,"L5"
6510,1867,"Otomi","JP","18045",38.4,140.35,"H"
100,1867,"Khetri","IN","12296",28.01667,75.81667,"H6"
250000,1868,"Pultusk","PL","18901",52.76667,21.26667,"H5"
6000,1868,"Ornans","FR","18030",47.11667,6.15,"CO3.4"
9150,1868,"Motta di Conti","IT","16762",45.2,8.5,"H4"
4000,1868,"Sauguis","FR","23188",43.15,-0.85,"L6"
2000,1868,"Danville","US","5514",34.4,-87.06667,"L6"
1708,1868,"Slavetic","HR","23626",45.68333,15.6,"H5"
1500,1868,"Moti-ka-nagla","IN","16759",26.83333,77.33333,"H6"
650,1868,"Frankfort (stone)","US","10177",34.48333,-87.83333,"Howardite"
1064,1868,"Daniel's Kuil","ZA","5513",-28.2,24.56667,"EL6"
1000,1868,"Lodran","PK","14675",29.53333,71.8,"Lodranite"
96,1868,"Pnompehn","KH","18851",11.58333,104.91667,"L6"
80000,1869,"Kernouve","FR","12284",48.11667,-3.08333,"H6"
20000,1869,"Hessle","SE","11878",59.85,17.66667,"H5"
20000,1869,"Tjabe","ID","24011",-7.08333,111.53333,"H6"
16500,1869,"Krähenberg","DE","12353",49.32694,7.46472,"LL5"
1500,1869,"Angra dos Reis (stone)","BR","2302",-22.96667,-44.31667,"Angrite"
340,1869,"Lumpkin","US","14753",32.03333,-84.76667000000001,"L6"
25000,1870,"Cabezo de Mayo","ES","5185",37.98333,-1.16667,"L/LL6"
4500,1870,"Nedagolla","IN","16935",18.68333,83.48333,"Iron, ungrouped"
2000,1870,"Ibbenbüren","DE","11992",52.28333,7.7,"Diogenite"
11500,1871,"Bandong","ID","4935",-6.91667,107.6,"LL6"
5400,1871,"Searsmont","US","23472",44.36667,-69.2,"H5"
3833,1871,"Laborel","FR","12408",44.28333,5.58333,"H5"
400,1871,"Roda","ES","22641",42.3,0.55,"Diogenite"
51700,1872,"Lancé","FR","12455",47.7,1.06667,"CO3.5"
28500,1872,"Tennasilm","EE","23898",58.03333,26.95,"L4"
3400,1872,"Orvinio","IT","18034",42.13333,12.93333,"H6"
300,1872,"Dyalpur","IN","7757",26.25,82,"Ureilite"
13600,1873,"Khairpur","PK","12288",29.53333,72.3,"EL6"
5900,1873,"Jhung","PK","12085",31.3,72.38333,"L5"
3600,1873,"Virba","BG","24185",43.53333,22.63333,"L6"
3200,1873,"Aleppo","SY","462",36.23333,37.13333,"L6"
400,1873,"Santa Barbara","BR","23161",-29.2,-51.86667,"L4"
101000,1874,"Sevrukovo","RU","23509",50.61667,36.6,"L5"
7300,1874,"Castalia","US","5291",36.08333,-78.06667,"H5"
5000,1874,"Kerilis","FR","12282",48.4,-3.3,"H5"
230000,1875,"Homestead","US","11901",41.8,-91.86667,"L5"
1600,1875,"Sitathali","IN","23616",20.91667,82.58333,"H5"
1300,1875,"Mornans","FR","16747",44.6,5.13333,"H5"
380,1875,"Feid Chair","DZ","10080",36.88333,8.449999999999999,"H4"
20,1875,"Nagaria","IN","16892",26.98333,78.21666999999999,"Eucrite-cm"
34000,1876,"Ställdalen","SE","23712",59.93333,14.95,"H5"
3500,1876,"Rowton","GB","22773",52.76667,-2.51667,"Iron, IIIAB"
1932,1876,"Vavilovka","UA","24154",46.15,32.83333,"LL6"
680,1876,"Judesegeri","IN","12207",12.85,76.8,"H6"
340,1876,"Rochester","US","22637",41.08333,-86.28333000000001,"H6"
80000,1877,"Soko-Banja","RS","23661",43.66667,21.86667,"LL4"
6000,1877,"Cynthiana","US","5500",38.4,-84.25,"L/LL4"
3650,1877,"Cronstad","ZA","5474",-27.7,27.3,"H5"
1600,1877,"Warrenton","US","24215",38.68333,-91.15000000000001,"CO3.7"
112,1877,"Hungen","DE","11986",50.3,8.91667,"H6"
30,1877,"Jodzie","LT","12173",55.7,24.4,"Howardite"
18,1877,"Bhagur","IN","5037",20.88333,74.83333,"L6"
28000,1878,"Tieschitz","CZ","23989",49.6,17.11667,"H/L3.6"
9000,1878,"Rakovka","RU","22376",52.98333,37.03333,"L6"
5650,1878,"Dandapur","IN","5511",26.91667,83.96666999999999,"L6"
4000,1878,"Mern","DK","15489",55.05,12.06667,"L6"
1000,1878,"Haraiya","IN","11824",26.8,82.53333000000001,"Eucrite-mmict"
399,1878,"La Charca","MX","12394",20.66667,-101.28333,"OC"
320000,1879,"Estherville","US","10059",43.41667,-94.83333,"Mesosiderite-A3/4"
160000,1879,"Tenham","AU","23897",-25.73333,142.95,"L6"
4500,1879,"Kalumbi","IN","12236",17.83333,73.98333,"L6"
4000,1879,"Nogoya","AR","16989",-32.36667,-59.83333,"CM2"
2800,1879,"La Bécasse","FR","12392",47.08333,1.75,"L6"
2024,1879,"Itapicuru-Mirim","BR","12056",-3.4,-44.33333,"H5"
1750,1879,"Gnadenfrei","PL","10936",50.66667,16.76667,"H5"
900,1879,"Tomatlan","MX","24020",20.16667,-105.21667,"H6"
54000,1880,"Veramin","IR","24162",35.33333,51.63333,"Mesosiderite-B2"
2700,1880,"Andhara","IN","2294",26.58333,85.56667,"Stone-uncl"
2200,1880,"Wittekrantz","ZA","24323",-32.5,23,"L5"
910,1880,"Ratyn","PL","22398",52.2,17.98333,"Stone-uncl"
720,1880,"Takenouchi","JP","23789",35.38333,134.9,"H5"
72,1880,"Chetrinahatti","IN","5344",14.5,76.5,"Stone-uncl"
8000,1881,"Grossliebenthal","UA","11208",46.35,30.58333,"L6"
3400,1881,"Pacula","MX","18068",21.05,-99.3,"L6"
1600,1881,"Middlesbrough","GB","16632",54.56667,-1.16667,"L6"
37,1881,"Piquetberg","ZA","18832",-32.86667,18.71667,"H"
300000,1882,"Mocs","RO","16709",46.8,24.03333,"L5-6"
11620,1882,"Fukutomi","JP","10836",33.18333,130.2,"L5"
2000,1882,"Pavlovka","RU","18177",52.03333,43,"Howardite"
842,1882,"Pirgunje","BD","18834",25.8,88.45,"L6"
228000,1883,"Alfianello","IT","466",45.26667,10.15,"L6"
1393,1883,"Ngawi","ID","16966",-7.45,111.41667,"LL3.6"
360,1883,"St. Caprais-de-Quinsac","FR","23081",44.75,0.05,"L6"
166000,1884,"Djati-Pengilon","ID","7652",-7.5,111.5,"H6"
19860,1884,"Tysnes Island","NO","24094",60,5.61667,"H4"
1161,1884,"Pirthalla","IN","18835",29.58333,76,"H6"
4000,1885,"Mazapil","MX","15453",24.68333,-101.68333,"Iron, IAB-sLL"
1100,1885,"Chandpur","IN","5321",27.28333,79.05,"L6"
48500,1886,"Cabin Creek","US","5186",35.5,-93.5,"Iron, IIIAB"
45000,1886,"Kyushu","JP","12390",32.03333,130.63333,"L6"
4500,1886,"Nammianthal","IN","16902",12.28333,79.2,"H5"
2000,1886,"Assisi","IT","2353",43.03333,12.55,"H5"
1900,1886,"Novo-Urei","RU","17933",54.81667,46,"Ureilite"
762,1886,"Bradford Woods","US","5128",40.5,-80.08333,"L"
17,1886,"Barntrup","DE","4948",52,9.1,"LL4"
500000,1887,"Ochansk","RU","17979",57.78333,55.26667,"H4"
1900,1887,"Bielokrynitschie","UA","5043",50.13333,27.16667,"H4"
500,1887,"Phu Hong","VN","18809",11.25,108.58333,"H4"
372,1887,"Lalitpur","IN","12451",24.45,78.56667,"L6"
340,1887,"De Cewsville","CA","6621",43,-80,"H6"
34000,1889,"Jelica","RS","12078",43.83333,20.44167,"LL6"
20000,1889,"Ergheo","SO","10044",1.16667,44.16667,"L5"
11000,1889,"Lundsgård","SE","14755",56.21667,13.03333,"L6"
8000,1889,"Mighei","UA","16634",48.06667,30.96667,"CM2"
220,1889,"Ferguson","US","10088",36.1,-81.41667,"OC"
600000,1890,"Jianshi","CN","12087",30.80833,109.5,"Iron, IIIAB"
152000,1890,"Forest City","US","10119",43.25,-93.66667,"H5"
89400,1890,"Farmington","US","10074",39.75,-97.03333000000001,"L5"
5800,1890,"Misshof","LV","16703",56.66667,23,"H5"
5000,1890,"Collescipoli","IT","5403",42.53333,12.61667,"H5"
4000,1890,"St. Germain-du-Pinel","FR","23087",48.01667,-1.15,"H6"
1250,1890,"Hassi-Jekna","DZ","11852",28.95,0.81667,"Iron, IAB-sHL"
350,1890,"Kakangari","IN","12230",12.38333,78.51667000000001,"K3"
105,1890,"Nawapali","IN","16927",21.25,83.66667,"CM2"
27000,1891,"Indarch","AZ","12027",39.75,46.66667,"EH4"
1915,1891,"Gu̻a","RS","11440",43.76667,20.23333,"Stone-uncl"
39000,1892,"Guareña","ES","11439",38.73333,-6.01667,"H6"
21000,1892,"Bath","US","4974",45.41667,-98.31667,"H4"
15000,1892,"Bansur","IN","4936",27.7,76.33333,"L6"
167,1892,"Cross Roads","US","5476",35.63333,-78.13333,"H5"
14000,1893,"Beaver Creek","CA","4986",51.16667,-117.33333,"H5"
900,1893,"Pricetown","US","18888",39.11667,-83.84999999999999,"L6"
100,1893,"Bherai","IN","5039",20.83333,71.46666999999999,"L6"
17600,1894,"Fisher","US","10107",47.81667,-96.84999999999999,"L6"
8600,1894,"Bori","IN","5111",21.95,78.03333000000001,"L6"
2500,1894,"Savtschenskoje","UA","23190",47.21667,29.86667,"LL4"
25,1894,"Los Martinez","ES","14708",38,-0.83333,"L6"
6400,1895,"Ambapur Nagla","IN","2290",27.66667,78.25,"H5"
6100,1895,"Nagy-Borov̩","SK","16893",49.16667,19.5,"L5"
1641,1895,"Rockhampton","AU","22640",-23.38333,150.51667,"Stone-uncl"
1039,1895,"Bishunpur","IN","5060",25.38333,82.59999999999999,"LL3.15"
2000,1896,"Lesves","BE","12772",50.36667,4.73333,"L6"
840,1896,"Ottawa","US","18046",38.6,-95.21666999999999,"LL6"
400,1896,"Madrid","ES","15382",40.41667,-3.71667,"L6"
94.2,1896,"Atemajac","MX","4884",20.06667,-103.66667,"L6"
7000,1897,"Lancon","FR","12456",43.75,5.11667,"H6"
6400,1897,"Gambat","PK","10851",27.35,68.53333000000001,"L6"
870,1897,"Meuselbach","DE","16626",50.58333,11.1,"L6"
750,1897,"Higashi-koen","JP","11883",33.6,130.43333,"H5"
467,1897,"Nio","JP","16982",34.2,131.56667,"H3-4"
400,1897,"Kangra Valley","IN","12246",32.08333,76.3,"H5"
0.8,1897,"Delhi","IN","6642",28.56667,77.25,"L5"
10750,1898,"Quesa","ES","22360",39,-0.66667,"Iron, IAB-ung"
3200,1898,"Andover","US","2295",44.61667,-70.75,"L6"
340,1898,"Mariaville","US","15419",42.71667,-99.38333,"Iron"
100.7,1898,"Mjelleim","NO","16707",61.73333,5.93333,"H"
330000,1899,"Bjurb̦le","FI","5064",60.4,25.8,"L/LL4"
32000,1899,"Allegan","US","2276",42.53333,-85.88333,"H5"
5000,1899,"Magnesia","TR","15386",37.86667,27.51667,"Iron, IAB-sHL"
300,1899,"Rancho de la Presa","MX","22390",19.86667,-100.81667,"H5"
230,1899,"Donga Kohrod","IN","7707",21.86667,82.45,"H6"
165,1899,"Peramiho","TZ","18792",-10.66667,35.5,"Eucrite-mmict"
37500,1900,"N'Goureyma","ML","16968",13.85,-4.38333,"Iron, ungrouped"
9251,1900,"Alexandrovsky","UA","465",50.95,31.81667,"H4"
3750,1900,"Ofehértó","HU","17990",47.88333,22.03333,"L6"
3200,1900,"Felix","US","10081",32.53333,-87.16667,"CO3.3"
700,1900,"Leonovka","UA","12765",52.26667,32.85,"L6"
240,1900,"Forsbach","DE","10163",50.95,7.31667,"H6"
127,1900,"Emmaville","AU","10033",-29.46667,151.61667,"Eucrite-mmict"
121.5,1900,"Ovambo","NA","18055",-18,16,"L6"
57900,1901,"Phillips County (stone)","US","18808",40,-99.25,"L6"
14000,1901,"Hvittis","FI","11989",61.18333,22.68333,"EL6"
8400,1901,"Sindhri","PK","23611",26.21667,69.55,"H5"
705,1901,"Chervettaz","CH","5341",46.55,6.81667,"L5"
86000,1902,"Bath Furnace","US","4975",38.25,-83.75,"L6"
45000,1902,"Marjalahti","RU","15426",61.5,30.5,"Pallasite, PMG"
11300,1902,"Mount Browne","AU","16766",-29.8,141.7,"H6"
4255,1902,"Crumlin","GB","5477",54.61667,-6.21667,"L5"
1293,1902,"Kamsagar","IN","12241",14.18333,75.8,"L6"
780,1902,"Achiras","AR","370",-33.16667,-64.95,"L6"
8,1902,"Caratash","TR","5265",38.5,27,"LL6"
48000,1903,"Jackalsfontein","ZA","12065",-32.5,21.9,"L6"
40000,1903,"Uberaba","BR","24096",-19.81667,-48.78333,"H5"
13780,1903,"St. Mark's","ZA","23090",-32.01667,27.41667,"EH5"
3840,1903,"Dokachi","BD","7658",23.5,90.33333,"H5"
1004,1903,"Valdinizza","IT","24145",44.86667,9.15,"L6"
750,1903,"Tyumen","RU","24095",57.16667,65.53333000000001,"Iron"
668,1903,"Rich Mountain","US","22597",35.03333,-83.03333000000001,"L6"
28.9,1903,"Menziswyl","CH","15486",46.81867,7.21817,"L5"
18600,1904,"Shelburne","CA","23529",44.05,-80.16667,"L5"
5700,1904,"Gumoschnik","BG","11450",42.9,24.7,"H5"
4742,1904,"Okano","JP","18000",35.08333,135.2,"Iron, IIAB"
23.2,1904,"Barnaul","RU","4947",52.73333,84.08333,"H5"
35000,1905,"Modoc (1905)","US","16711",38.5,-101.1,"L6"
22000,1905,"Karkh","PK","12262",27.8,67.16667,"L6"
2500,1905,"Bholghati","IN","5041",22.08333,86.90000000000001,"Howardite"
600,1905,"Tomakovka","UA","24019",47.85,34.76667,"LL6"
550,1905,"Minnichhof","HU","16700",47.7,16.6,"OC"
3719,1906,"Kulp","AM","12373",41.11667,45,"H6"
2437,1906,"Vishnupur","IN","24187",23.1,87.43333,"LL4-6"
2381,1906,"Blackwell","US","5068",36.83333,-97.33333,"L5"
1000,1906,"Diep River","ZA","7642",-33.75,18.56667,"L6"
845.2000000000001,1906,"Krutikha","RU","12363",56.8,77,"OC"
331,1906,"Kijima (1906)","JP","12305",36.85,138.38333,"Stone-uncl"
97.7,1906,"Kirbyville","US","12321",30.75,-95.95,"Eucrite-mmict"
8200,1907,"Chainpur","IN","5315",25.85,83.48333,"LL3.4"
1000,1907,"Bali","CF","4928",5.38333,16.38333,"CV3"
877,1907,"Leighton","US","12760",34.58333,-87.5,"H5"
438,1907,"Domanitch","TR","7661",40,29,"L5"
4500,1908,"Mokoia","NZ","16713",-39.63333,174.4,"CV3"
1900,1908,"Kagarlyk","UA","12227",49.86667,30.83333,"L6"
1630,1908,"Kangean","ID","12245",-7,115.5,"H5"
1230,1908,"Avce","SI","4906",46,13.5,"Iron, IIAB"
1001,1908,"Novy-Projekt","LT","17935",56,22,"OC"
350,1908,"Sete Lagoas","BR","23504",-19.46667,-44.21667,"H4"
13.4,1908,"Tunguska","RU","24082",60.9,101.95,"Unknown"
14290,1909,"Gifu","JP","10914",35.53333,136.88333,"L6"
5100,1909,"Blanket","US","5071",31.83333,-98.83333,"L6"
17000,1910,"St. Michel","FI","23093",61.65,27.2,"L6"
15000,1910,"Vigarano","IT","24174",44.85,11.4,"CV3"
9700,1910,"Khohar","IN","12298",25.1,81.53333000000001,"L3.6"
8510,1910,"Mirzapur","IN","16701",25.68333,83.25,"L5"
6100,1910,"Hedjaz","SA","11870",27.33333,35.66667,"L3.7-6"
4500,1910,"Baroti","IN","4949",31.61667,76.8,"L6"
1110.6,1910,"Hashima","JP","11848",35.2945,136.70033,"H4"
690,1910,"Grzempach","PL","11429",52.86667,16.63333,"H5"
515,1910,"Paitan","PH","18072",17.74333,120.45583,"H6"
212.5,1910,"Lakangaon","IN","12435",21.86667,76.03333000000001,"Eucrite-mmict"
16400,1911,"Demina","RU","6649",51.46667,84.76667000000001,"L6"
10000,1911,"Nakhla","EG","16898",31.31667,30.35,"Martian (nakhlite)"
772,1911,"Kilbourn","US","12308",43.58333,-89.59999999999999,"H5"
107.2,1911,"Erevan","AM","10043",40.3,44.5,"Howardite"
7.7,1911,"Tonk","IN","24026",24.65,76.86667,"CI1"
220000,1912,"Holbrook","US","11894",34.9,-110.18333,"L/LL6"
17200,1912,"N'Kandhla","ZA","16983",-28.56667,30.7,"Iron, IID"
5000,1912,"Shupiyan","IN","23583",33.71667,74.83333,"H6"
460,1912,"Leeuwfontein","ZA","12756",-25.66667,28.36667,"L6"
4180,1913,"Sakauchi","JP","23103",35.66667,136.3,"Iron"
1880,1913,"Moore County","US","16736",35.41667,-79.38333,"Eucrite-cm"
448,1913,"Kamiomi","JP","12240",36.04167,139.95667,"H5"
14,1913,"Banswal","IN","4937",30.4,78.2,"L5"
45000,1914,"Kuttippuram","IN","12384",10.83333,76.03333000000001,"L6"
18000,1914,"Palinshih","CN","18077",43.48333,118.61667,"Iron"
15000,1914,"Appley Bridge","GB","2318",53.58333,-2.71667,"LL6"
14000,1914,"Saint-Sauveur","FR","23101",43.73333,1.38333,"EH5"
13000,1914,"Ryechki","UA","22791",51.13333,34.5,"L5"
1550,1914,"Kisvarsány","HU","12325",48.16667,22.30833,"L6"
1100,1914,"Nyirábrany","HU","17970",47.55,22.025,"LL5"
24750,1915,"Meester-Cornelis","ID","15470",-6.23333,106.88333,"H5"
594,1915,"Visuni","PK","24189",25.45,70,"H6"
256000,1916,"Boguslavka","RU","5098",44.55,131.63333,"Iron, IIAB"
63000,1916,"Treysa","DE","24050",50.91667,9.18333,"Iron, IIIAB-an"
2400,1916,"Calivo","PH","5200",11.75,122.33333,"Stone-uncl"
1710.5,1916,"Sultanpur","IN","23741",25.93333,84.28333000000001,"L/LL6"
1455,1916,"Sinai","EG","23606",30.9,32.48333,"L6"
840,1916,"Ekh Khera","IN","7777",28.26667,78.78333000000001,"H6"
611,1916,"Baxter","US","4977",36.75,-93.5,"L6"
600,1916,"Tomita","JP","24023",34.5,133.75,"L"
355,1916,"Renqiu","CN","22589",38.66667,116.13333,"L6"
100,1916,"Rampurhat","IN","22385",24.16667,87.76667000000001,"LL"
104000,1917,"Colby (Wisconsin)","US","5395",44.9,-90.28333000000001,"L6"
52900,1917,"Nan Yang Pao","CN","16903",35.66667,103.5,"L6"
13400,1917,"Strathmore","GB","23729",56.58333,-3.25,"L6"
1460,1917,"Cranganore","IN","5465",10.2,76.26667000000001,"L6"
1020,1917,"Troup","US","24054",32.16667,-95.09999999999999,"L6"
880,1917,"Independence","US","12028",39.08333,-94.40000000000001,"L6"
380,1917,"Garhi Yasin","PK","10860",27.88333,68.53333000000001,"Iron, IIE"
290.4,1917,"Ranchapur","IN","22387",23.98333,87.08333,"H4"
240,1917,"Sedik̦y","TR","23473",38.3,27.13333,"L6"
0.15,1917,"Silistra","BG","55584",44.11667,27.26667,"Achondrite-ung"
200000,1918,"Saratov","RU","23176",52.55,46.55,"L4"
152000,1918,"Glasatovo","RU","10926",57.35,37.61667,"H4"
90000,1918,"Richardton","US","22599",46.88333,-102.31667,"H5"
1050,1918,"Norfork","US","16994",36.21667,-92.26667000000001,"Iron, IIIAB"
980,1918,"Tandil","AR","23800",-37.36667,-59.33333,"Pseudometeorite"
905,1918,"Tan̩","JP","23801",35.43333,136.23333,"L5"
22,1918,"Witklip Farm","ZA","24321",-26,30,"H5"
120000,1919,"Bur-Gheluai","SO","5169",5,48,"H5"
17000,1919,"Cumberland Falls","US","5496",36.83333,-84.34999999999999,"Aubrite"
10000,1919,"Rembang","ID","22585",-6.73333,111.36667,"Iron, IVA"
4910,1919,"Raoyang","CN","22394",38.2,115.7,"L6"
4239,1919,"Adhi Kot","PK","379",32.1,71.8,"EH4"
212,1919,"Cacak","RS","5187",43.83889,20.33333,"OC"
24.3,1919,"St. Mary's County","US","23091",38.16667,-76.38333,"LL3.3"
71400,1920,"Merua","IN","15492",25.48333,81.98333,"H5"
4460,1920,"Kushiike","JP","12381",37.05,138.38333,"OC"
1440,1920,"Aguila Blanca","AR","417",-30.86667,-64.55,"L"
1280,1920,"Atarra","IN","4883",25.25417,80.625,"L4"
1222,1920,"Simmern","DE","23603",49.98333,7.53333,"H5"
13100,1921,"Tuan Tuc","VN","24060",9.66667,105.66667,"L6"
10600,1921,"Rose City","US","22766",44.51667,-83.95,"H5"
3760,1921,"Pitts","US","18837",31.95,-83.51667000000001,"Iron, IAB-ung"
3680,1921,"Shikarpur","IN","23534",25.85,87.5775,"L6"
2462,1921,"Samelia","IN","23115",25.66667,74.86667,"Iron, IIIAB"
1265,1921,"Sharps","US","23525",37.83333,-76.7,"H3.4"
1100,1921,"Beyrout","LB","5035",33.88333,35.5,"LL3.8"
315,1921,"Haripura","IN","11829",28.38333,75.78333000000001,"CM2"
16500,1922,"Tjerebon","ID","24012",-6.66667,106.58333,"L5"
3640,1922,"Florence","US","10111",30.83333,-97.76667000000001,"H3"
3500,1922,"Hedeskoga","SE","11869",55.46667,13.78333,"H5"
1810,1922,"Nagai","JP","16890",38.12167,140.06167,"L6"
345,1922,"Baldwyn","US","4926",34.5,-88.66667,"L6"
12,1922,"Patti","IT","18118",38.13333,14.96667,"Iron"
149000,1923,"Montferr̩","FR","16727",43.39056,1.9625,"H5"
23200,1923,"Nakhon Pathom","TH","16899",13.73333,100.08333,"L6"
1800,1923,"Serra de Mag̩","BR","23502",-8.383330000000001,-36.76667,"Eucrite-cm"
1415,1923,"Holetta","ET","11895",9.06667,38.41667,"Stone-uncl"
1300,1923,"Ashdon","GB","2346",52.05,0.3,"L6"
560,1923,"Birni N'konni","NG","5056",13.76667,5.3,"H4"
150000,1924,"Olivenza","ES","18013",38.71667,-7.06667,"LL5"
40300,1924,"Johnstown","US","12198",40.35,-104.9,"Diogenite"
18000,1924,"B̩r̩ba","BF","5028",11.65,-3.65,"Eucrite-mmict"
6067,1924,"Forksville","US","10123",36.78333,-78.08333,"L6"
5500,1924,"Santa Isabel","AR","23165",-33.9,-61.7,"L6"
4703,1924,"Muraid","BD","16874",24.5,90.21666999999999,"L6"
3500,1924,"Success","US","23736",36.48333,-90.66667,"L6"
2000,1924,"La Colina","AR","12395",-37.33333,-61.53333,"H5"
1000,1924,"Unkoku","KR","24123",34.8,127,"OC"
82,1924,"Fenghsien-Ku","CN","10086",34.6,116.75,"H5"
24000,1925,"Aïr","NE","424",19.08333,8.383330000000001,"L6"
7000,1925,"Queen's Mercy","LS","22357",-30.11667,28.7,"H6"
7000,1925,"Lanzenkirchen","AT","12465",47.75,16.23333,"L4"
2945,1925,"Chaves","ES","5334",41.93333,-7.46667,"Howardite"
1470,1925,"Ellemeet","NL","10019",51.75,4,"Diogenite"
363,1925,"Numakai","JP","17960",43.33333,141.86667,"H4"
300,1925,"Renca","AR","22587",-32.75,-65.28333000000001,"L5"
9241,1926,"Lua","IN","14721",24.95,75.15000000000001,"L5"
5850,1926,"Ojuelos Altos","ES","17997",38.18333,-5.4,"L6"
1500,1926,"Urasaki","JP","24129",34.48333,133.28333,"Stone-uncl"
973,1926,"Jajh deh Kot Lalu","PK","12067",26.75,68.41667,"EL6"
238,1926,"Komagome","JP","12343",35.73333,139.75,"Iron"
135,1926,"Palmyra","US","18079",39.8,-91.5,"L3"
76.5,1926,"Ulmiz","CH","24108",46.93333,7.21667,"L"
103000,1927,"Udei Station","NG","24101",7.95,8.08333,"Iron, IAB-ung"
74800,1927,"Tilden","US","23998",38.2,-89.68333,"L6"
1400,1927,"Oesede","DE","17988",52.28333,8.050000000000001,"H5"
1000,1927,"Mamra Springs","KZ","15401",45.21667,62.08333,"L6"
958,1927,"Sopot","RO","23670",44.41667,23.5,"OC"
640,1927,"Trysil","NO","24057",61.3,12.3,"L/LL6"
17000,1928,"Naoki","IN","16908",19.25,77,"H6"
3422,1928,"Utzenstorf","CH","24136",47.11667,7.55,"H5"
3050,1928,"Isthilart","AR","12053",-31.18333,-57.95,"H5"
367.5,1928,"Narellan","AU","16912",-34.05,150.68889,"L6"
246,1928,"Oterøy","NO","18042",58.88333,9.4,"L6"
40000,1929,"Olmedilla de Alarcón","ES","18015",39.56667,-2.1,"H5"
16000,1929,"Beardsley","US","4984",39.8,-101.2,"H5"
6109,1929,"Khmelevka","RU","12297",56.75,75.33333,"L5"
6000,1929,"Tauk","IQ","23887",35.13333,44.45,"L6"
3858,1929,"Padvarninkai","LT","18069",55.66667,25,"Eucrite-mmict"
3700,1929,"Bald Mountain","US","4925",35.96667,-82.48333,"L4"
3332,1929,"Rewari","IN","22593",28.2,76.66667,"L6"
408000,1930,"Paragould","US","18101",36.06667,-90.5,"LL5"
41730,1930,"Karoonda","AU","12264",-35.08333,139.91667,"CK4"
16700,1930,"Miller (Arkansas)","US","16645",35.4,-92.05,"H5"
16570,1930,"Oldenburg (1930)","DE","18009",52.95,8.16667,"L6"
8888,1930,"Moorleah","AU","16738",-40.975,145.6,"L6"
6862,1930,"Lillaverke","SE","14650",56.65,15.86667,"H5"
2085,1930,"Plantersville","US","18846",30.7,-96.11667,"H6"
1620,1930,"Aguada","AR","398",-31.6,-65.23333,"L6"
1342,1930,"Boriskino","RU","5112",54.23333,52.48333,"CM2"
1320,1930,"Gyokukei","KR","11467",35,127.5,"OC"
470,1930,"Malampaka","TZ","15395",-3.13333,33.51667,"H"
12000,1931,"Tatahouine","TN","23884",32.95,10.41667,"Diogenite"
157,1931,"Pontlyfni","GB","18865",53.03639,-4.31944,"Winonaite"
90,1931,"Konovo","BG","12344",42.51667,26.16667,"LL5"
29.5,1931,"Eaton","US","7765",40.51667,-104.68333,"Pseudometeorite"
22000,1932,"Gualeguaychú","AR","11432",-33,-58.61667,"H6"
5070,1932,"Archie","US","2329",38.5,-94.3,"H6"
4047,1932,"Kuznetzovo","RU","12385",55.2,75.33333,"L6"
3698,1932,"Khanpur","IN","12289",25.55,83.11667,"LL5"
3200,1932,"Khor Temiki","SD","12299",16,36,"Aubrite"
2125,1932,"Prambachkirchen","AT","18883",48.3025,13.94083,"L6"
1161,1932,"Douar Mghila","MA","7723",32.33333,-6.3,"LL6"
66,1932,"Witsand Farm","NA","24322",-28.66667,18.91667,"LL4"
66000,1933,"Pervomaisky","RU","18798",56.63333,39.43333,"L6"
18300,1933,"Chajari","AR","5316",-30.78333,-58.05,"L5"
8400,1933,"Cherokee Springs","US","5340",35.03333,-81.88333,"LL6"
7800,1933,"Phum Sambo","KH","18811",12,105.48333,"H4"
7000,1933,"Repeev Khutor","RU","22590",48.6,45.66667,"Iron, IIF"
5100,1933,"Pasamonte","US","18110",36.21667,-103.4,"Eucrite-pmict"
4100,1933,"Sioux County","US","23614",42.58333,-103.66667,"Eucrite-mmict"
3393,1933,"Pesyanoe","RU","18799",55.5,66.08333,"Aubrite"
807,1933,"Malvern","ZA","15400",-29.45,26.76667,"Eucrite-pmict"
665,1933,"Po-wang Chen","CN","18879",31.41667,118.5,"LL"
629,1933,"Banten","ID","4938",-6.33333,106,"CM2"
265,1933,"Athens","US","4885",34.75,-87,"LL6"
250,1933,"Noyan-Bogdo","MN","17936",42.91667,102.46667,"L6"
219,1933,"Brient","RU","5140",52.13333,59.31667,"Eucrite-pmict"
188,1933,"Dyarrl Island","PG","7758",-3,151,"Mesosiderite-A1"
150,1933,"Malaga","US","15393",32.21667,-104,"OC"
56000,1934,"Farmville","US","10075",35.55,-77.53333000000001,"H4"
22300,1934,"Mangwendi","ZW","15405",-17.65,31.6,"LL6"
10322,1934,"Bahjoi","IN","4922",28.48333,78.5,"Iron, IAB-sLL"
9000,1934,"Hainaut","FR","11472",50.31667,3.73333,"H3-6"
2360,1934,"Fayetteville","US","10079",36.05,-94.16667,"H4"
1310,1934,"Rio Negro","BR","22611",-26.1,-49.8,"L4"
750,1934,"Capilla del Monte","AR","5264",-30.88333,-64.55,"H6"
412,1934,"Sazovice","CZ","23455",49.23333,17.56667,"L5"
230,1934,"Tirupati","IN","24009",13.63333,79.41667,"H6"
67,1934,"Rumuruti","KE","22782",0.26667,36.53333,"R3.8-6"
59000,1935,"Łowicz","PL","14718",52,19.91667,"Mesosiderite-A3"
37350,1935,"Patwar","BD","18171",23.15,91.18333,"Mesosiderite-A1"
23474,1935,"Perpeti","BD","18793",23.325,91,"L6"
3996,1935,"Nikolaevka","RU","16976",52.45,78.63333,"H4"
637,1935,"Sungach","RU","23745",44.86667,133.16667,"H5"
400,1935,"Madiun","ID","15380",-7.75,111.53333,"L6"
3973,1936,"Ichkala","RU","11995",58.2,82.93333,"H6"
1995,1936,"Macibini","ZA","15372",-28.83333,31.95,"Eucrite-pmict"
347,1936,"Nassirah","NC","16922",-21.73333,165.9,"H4"
78.40000000000001,1936,"Crescent","US","5470",35.95,-97.58333,"CM2"
300000,1937,"Putinga","BR","18905",-29.03333,-53.05,"L6"
200000,1937,"Kainsaz","RU","12229",55.43333,53.25,"CO3.2"
21000,1937,"Tauti","RO","23888",46.71667,23.5,"L6"
3500,1937,"Kaptal-Aryk","KZ","12253",42.45,73.36667,"L6"
3225,1937,"Rangala","IN","22392",25.38333,72.01667000000001,"L6"
540,1937,"Mabwe-Khoywa","MM","14764",19,97,"L5"
2830,1938,"Aztec","US","4913",36.8,-108,"L6"
2250,1938,"Kukschin","UA","12368",51.15,31.7,"L6"
2130,1938,"Pantar","PH","18098",8.06667,124.28333,"H5"
1770.5,1938,"Benld","US","5021",39.08333,-89.15000000000001,"H6"
800,1938,"Lavrentievka","RU","12743",52.45,51.56667,"L6"
710,1938,"Kasamatsu","JP","12266",35.36667,136.76667,"H"
704.5,1938,"Ivuna","TZ","12063",-8.41667,32.43333,"CI1"
303,1938,"Chicora","US","5349",40.93333,-79.73333,"LL6"
142.5,1938,"Pavlodar (stone)","KZ","18175",52.3,77.03333000000001,"H5"
67.8,1938,"Bloomington","US","5076",40.48,-89.00417,"LL6"
47700,1939,"Dresden (Ontario)","CA","7731",42.52,-82.26000000000001,"H6"
17900,1939,"Andura","IN","2298",20.88333,76.86667,"H6"
6937,1939,"Kendleton","US","12275",29.45,-96,"L4"
3336,1939,"Ekeby","SE","7776",56.03333,13,"H4"
1700,1939,"Chervony Kut","UA","5342",50.83333,34,"Eucrite-mmict"
1590,1939,"Selakopi","ID","23481",-7.23333,107.33333,"H5"
1303,1939,"Glanggang","ID","10924",-7.25,107.7,"H5-6"
737.6,1939,"Nyaung","MM","17969",21.20833,94.91667,"Iron, IIIAB"
225,1939,"Washougal","US","24218",45.58333,-122.35,"Howardite"
60,1939,"Santa Cruz","MX","23164",24.16667,-99.33333,"CM2"
3766,1940,"Ramnagar","IN","22384",26.45,82.90000000000001,"L6"
3300,1940,"Kediri","ID","12270",-7.75,112.01667,"L4"
1047,1940,"Bhola","BD","5040",22.68333,90.65000000000001,"LL3-6"
691,1940,"Semarkona","IN","23487",22.25,79,"LL3.00"
113,1940,"Erakot","IN","10042",19.03333,81.89167000000001,"CM2"
11000,1941,"Phuoc-Binh","VN","18812",15.71667,108.1,"L5"
3200,1941,"Maridi","SS","15421",4.66667,29.25,"H6"
705,1941,"Black Moshannan Park","US","5065",40.91667,-78.08333,"L5"
600,1941,"Mafra","BR","15383",-26.16667,-49.93333,"L3-4"
26000,1942,"Forest Vale","AU","10120",-33.35,146.85833,"H4"
11355,1942,"Kapoeta","SS","12251",4.7,33.63333,"Howardite"
6500,1942,"Ankober","ET","2304",9.533329999999999,39.71667,"H4"
4975,1942,"Maziba","UG","15454",-1.21667,30,"L6"
2770,1942,"Kamalpur","IN","12238",26.03333,81.46666999999999,"L6"
800,1942,"Parsa","IN","18109",26.2,85.40000000000001,"EH3"
357,1942,"Bununu","NG","5165",10.01667,9.58333,"Howardite"
253.6,1942,"Pollen","NO","18860",66.34833,14.015,"CM2"
51500,1943,"Leedey","US","12755",35.88333,-99.33333,"L6"
3880,1943,"Benoni","ZA","5023",-26.16667,28.41667,"H6"
2117,1943,"Duwun","KR","7754",33.43333,127.26667,"L6"
2799,1944,"Valdavur","IN","24144",11.98333,79.75,"H6"
1456,1944,"Hallingeberg","SE","11479",57.81667,16.23333,"L3.4"
1100,1944,"Mtola","MW","16820",-11.5,33.5,"Stone-uncl"
259.1,1944,"Torrington","US","24032",42.06667,-104.16667,"H6"
224.2,1944,"Mike","HU","16636",46.23333,17.53333,"L6"
23000,1945,"Fuhe","CN","52412",31.47556,113.56694,"L5"
6000,1945,"Meru","KE","15491",0,37.66667,"LL6"
2050,1945,"Soroti","UG","23671",1.7,33.63333,"Iron, ungrouped"
1384.2,1945,"Atoka","US","4888",34.31667,-96.15000000000001,"L6"
70000,1946,"Pe̱a Blanca Spring","US","18786",30.125,-103.11667,"Aubrite"
50000,1946,"Krymka","UA","12364",47.83333,30.76667,"LL3.2"
28100,1946,"Walters","US","24210",34.33333,-98.3,"L6"
25000,1946,"Bursa","TR","5177",40.2,29.23333,"L6"
4000,1946,"Krasnyi Klyuch","RU","12357",54.33333,56.08333,"H5"
23000000,1947,"Sikhote-Alin","RU","23593",46.16,134.65333,"Iron, IIAB"
17300,1947,"Reliegos","ES","22584",42.475,-5.33333,"L5"
10000,1947,"Eagle","US","7760",40.78167,-96.47167,"EL6"
2300,1947,"Långhalsen","SE","12461",58.85,16.73333,"L6"
480,1947,"Git-Git","NG","10919",9.6,9.91667,"L6"
150,1947,"Seldebourak","DZ","23483",22.83333,4.98333,"H5"
1100000,1948,"Norton County","US","17922",39.68333,-99.86667,"Aubrite"
20000,1948,"Uzcudun","AR","24140",-44.11667,-66.15000000000001,"L"
4500,1948,"Mardan","PK","15414",34.23333,72.08333,"H5"
200000,1949,"Kunashak","RU","12377",55.78333,61.36667,"L6"
6000,1949,"Rupota","TZ","22783",-10.26667,38.76667,"L4-6"
2840,1949,"Benton","CA","5026",45.95,-67.55,"LL6"
1300,1949,"Mezel","FR","16627",45.76667,3.25,"L6"
968,1949,"Guidder","CM","11443",9.91667,13.98333,"LL5"
910,1949,"Adzhi-Bogdo (stone)","MN","390",44.83333,95.16667,"LL3-6"
794,1949,"Beddgelert","GB","4993",53.01667,-4.1,"H5"
779,1949,"Akaba","JO","426",29.51667,35.05,"L6"
750,1949,"Vetluga","RU","24169",57.8,45.8,"Eucrite-mmict"
682,1949,"Palolo Valley","US","18082",21.3,-157.78333,"H5"
180,1949,"Karewar","NG","12260",12.9,7.15,"L6"
625,1949,"Alberta","CD","454",2,22.66667,"L"
12600,1950,"Murray","US","16882",36.6,-88.09999999999999,"CM2"
10800,1950,"Vengerovo","RU","24158",56.13333,77.26667000000001,"H5"
7450,1950,"Arroyo Aguiar","AR","2340",-31.41667,-60.66667,"H5"
4885,1950,"Monte das Fortes","PT","16725",38.01667,-8.25,"L5"
2121,1950,"Patrimonio","BR","18116",-19.53333,-48.56667,"L6"
1000,1950,"Madhipura","IN","15379",25.91667,86.36667,"L"
1000,1950,"St. Louis","US","23089",38.7,-90.23333,"H4"
725,1950,"Geidam","NG","10870",12.91667,11.91667,"H5"
357.4,1950,"Tromøy","NO","24053",58.47333,8.866669999999999,"H"
342,1950,"Thal","PK","23908",33.4,70.59999999999999,"H6"
102,1950,"Garland","US","10861",41.68333,-112.13333,"Diogenite-pm"
54640,1951,"Elenovka","UA","7824",47.83333,37.66667,"L5"
3555,1951,"Manych","RU","15409",45.81667,44.63333,"LL3.4"
1900,1951,"Dubrovnik","HR","7736",42.45833,18.44167,"L3-6"
950,1951,"Kalaba","CD","12232",-6.83333,29.5,"H4"
720,1951,"Aarhus","DK","2",56.18333,10.23333,"H6"
107000,1952,"Abee","CA","6",54.21667,-113,"EH4"
9330,1952,"Avanhandava","BR","4905",-21.46028,-49.95083,"H4"
5500,1952,"Min-Fan-Zhun","CN","16697",32.33333,120.66667,"LL6"
36.1,1952,"Galim (a)","CM","10848",7.05,12.43333,"LL6"
28,1952,"Galim (b)","CM","10849",7.05,12.43333,"EH3/4-an"
150,1953,"Molteno","ZA","16717",-31.25,26.46667,"Howardite"
117.8,1953,"Peckelsheim","DE","18181",51.66667,9.25,"Diogenite-pm"
31,1953,"Medanitos","AR","15467",-27.25,-67.5,"Eucrite-cm"
6000,1954,"Nikolskoe","RU","16977",56.11667,37.33333,"L4"
5560,1954,"Sylacauga","US","23773",33.18836,-86.2945,"H4"
1300,1954,"Ishinga","TZ","12049",-8.93333,33.8,"H"
810,1954,"Arbol Solo","AR","2325",-33,-66,"H5"
305.5,1954,"Hökmark","SE","11893",64.43333,21.2,"L4"
2950,1955,"Karloowala","PK","12263",31.58333,71.59999999999999,"L6"
2405,1955,"Messina","IT","15495",38.18333,15.56667,"L5"
900,1955,"Lahrauli","IN","12433",26.78333,82.71666999999999,"Ureilite"
232.4,1955,"Kirkland","US","12322",47.69306,-122.17028,"Pseudometeorite"
100000,1956,"Paranaiba","BR","18103",-19.13333,-51.66667,"L6"
8165,1956,"Nadiabondi","BF","16889",12,1,"H5"
3457,1956,"Idutywa","ZA","12000",-32.1,28.33333,"H5"
2000,1956,"Sinnai","IT","23613",39.3,9.199999999999999,"H6"
1500,1956,"Breitscheid","DE","5134",50.66694,8.18361,"H5"
282,1956,"San Pedro de Quiles","CL","23130",-31.01667,-71.40000000000001,"L6"
180,1956,"Hotse","CN","11913",35.66667,115.5,"L6"
45.6,1956,"Centerville","US","5307",43.2,-96.91667,"H5"
5000,1957,"Raco","AR","22368",-26.66667,-65.45,"H5"
2500,1957,"Ibitira","BR","11993",-20,-45,"Eucrite-mmict"
500,1957,"Essebi","CD","10055",2.88333,30.83333,"C2-ung"
400,1957,"Distrito Quebracho","AR","7649",-31.88333,-60.46667,"H4"
189.2,1957,"Ufana","TZ","24106",-4.26667,35.35,"EL6"
160,1957,"Al Rais","SA","446",24.41667,39.51667,"CR2-an"
8000,1958,"Orebro","SE","18025",59.28333,15.21667,"Pseudometeorite"
4682,1958,"Ramsdorf","DE","22386",51.88333,6.93333,"L6"
194,1958,"Okabe","JP","17998",36.18333,139.21667,"H5"
5555,1959,"Pribram","CZ","18887",49.66667,14.03333,"H5"
3710,1959,"Hamlet","US","11485",41.38333,-86.59999999999999,"LL4"
3000,1959,"Akwanga","NG","432",8.91667,8.43333,"H"
299,1959,"Kandahar (Afghanistan)","AF","12243",31.6,65.78333000000001,"L6"
134.3,1959,"St.-Chinian","FR","23097",43.43333,2.95,"L6"
303000,1960,"Bruderheim","CA","5156",53.9,-112.88333,"L6"
330000,1960,"Millbillillie","AU","16643",-26.45,120.36667,"Eucrite-mmict"
36000,1960,"Woolgorong","AU","24334",-27.75,115.83333,"L6"
72.90000000000001,1960,"Soheria","IN","23660",27.13333,84.06667,"OC"
85000,1961,"Kayakent","TR","12268",39.26333,31.78,"Iron, IIIAB"
8360,1961,"Harleton","US","11830",32.675,-94.51167,"L6"
3950,1961,"Djermaia","TD","7656",12.73333,15.05,"H"
2400,1961,"Ehole","AO","7774",-17.3,15.83333,"H5"
453.6,1961,"Kulak","PK","12369",30.73111,66.80222000000001,"L5"
375,1961,"Bells","US","5005",33.6,-96.46666999999999,"C2-ung"
6.1,1961,"Ras Tanura","SA","22395",26.66667,50.15,"H6"
25400,1962,"Desuri","IN","6693",25.73333,73.61667,"H6"
8800,1962,"Bogou","BF","5097",12.5,0.7,"Iron, IAB-MG"
4960,1962,"Ste. Marguerite","BE","23099",50.76667,3,"H4"
1250,1962,"Dosso","NE","7722",13.05,3.16667,"L6"
927,1962,"São Jose do Rio Preto","BR","23171",-20.81,-49.38056,"H4"
737.6,1962,"Kiel","DE","12301",54.4,10.15,"L6"
45760,1963,"Peace River","CA","18180",56.13333,-117.93333,"L6"
7700,1963,"Ohuma","NG","17996",6.75,8.5,"L5"
5900,1963,"Yaddlethorpe","GB","24350",53.55,-0.65,"Pseudometeorite"
3000,1963,"Inner Mongolia","CN","12037",41,112,"L6"
2220,1963,"Karatu","TZ","12258",-3.5,35.58333,"LL6"
1269,1963,"Usti Nad Orlici","CZ","24132",49.975,16.375,"L6"
266.1,1963,"Hoxie","US","11915",39.35,-100.45,"OC"
9000,1964,"Granes","FR","10956",42.9,2.25,"L6"
6000,1964,"Chernyi Bor","BY","5339",53.7,30.1,"H4"
4000,1964,"Çanakkale","TR","5250",39.8,26.6,"L6"
1245,1964,"Muzaffarpur","IN","16885",26.13333,85.53333000000001,"Iron, IAB-sHL"
222,1964,"Jiange","CN","12086",31.91667,104.91667,"H5"
166.4,1964,"Wolamo","ET","24324",9,39,"OC"
44000,1965,"Barwell","GB","4954",52.56528,-1.33972,"L5"
20350,1965,"Conquista","BR","5418",-19.85,-47.55,"H4"
3850,1965,"Taonan","CN","23873",45.4,122.9,"L5"
1,1965,"Revelstoke","CA","22592",51.33333,-118.95,"CI1"
271000,1966,"Saint-S̩verin","FR","23102",45.3,0.23333,"LL6"
20000,1966,"Seoni","IN","23500",21.68389,79.50082999999999,"H6"
2968,1966,"Pavel","BG","18173",43.46667,25.51667,"H5"
1700,1966,"Umm Ruaba","SD","24118",13.46667,31.21667,"L5"
150000,1967,"Wiluna","AU","24281",-26.59278,120.32833,"H5"
10000,1967,"Tugalin-Bulen","MN","24062",45.46667,105.38333,"H6"
2500,1967,"Tathlith","SA","23885",19.38333,43.73333,"L6"
2000,1967,"Parambu","BR","18102",-6.23333,-40.7,"LL5"
230,1967,"Denver","US","6660",39.7825,-104.93056,"L6"
67.40000000000001,1967,"Kingai","SD","12316",11.63333,24.68333,"H6"
0.1,1967,"Vilna","CA","24183",54.225,-111.69167,"L5"
25250,1968,"Juromenha","PT","12213",38.74028,-7.27,"Iron, IIIAB"
460,1968,"San Pedro Jacuaro","MX","34063",19.76667,-100.65,"LL6"
283.3,1968,"Schenectady","US","23458",42.86083,-73.95028000000001,"H5"
134,1968,"Awere","UG","4910",2.71667,32.83333,"L4"
13.1,1968,"Piancaldoli","IT","18813",44.24417,11.50222,"LL3.4"
2000000,1969,"Allende","MX","2278",26.96667,-105.31667,"CV3"
100000,1969,"Murchison","AU","16875",-36.61667,145.2,"CM2"
5460,1969,"Bovedy","GB","5121",54.56667,-6.33333,"L3"
4375,1969,"Patora","IN","18112",20.93694,82.05,"H6"
815.3,1969,"Suchy Dul","CZ","23737",50.53806,16.26333,"L6"
600,1969,"Andreevka","UA","2296",48.7,37.5,"L3"
17000,1970,"Lost City","US","14711",36.00833,-95.15000000000001,"H5"
5500,1970,"Dongtai","CN","7708",32.91667,120.78333,"LL6"
4590,1970,"Ucera","VE","24097",11.05,-69.84999999999999,"H5"
3230,1970,"Dwaleni","SZ","7755",-27.2,31.31667,"H4-6"
3000,1970,"Tillaberi","NE","23999",14.25,1.53333,"L6"
2450,1970,"Nejo","ET","16941",9.5,35.33333,"L6"
2000,1970,"Malakal","SS","15394",9.5,31.75,"L5"
1500,1970,"Kiffa","MR","12303",16.58333,-11.33333,"H5"
13400,1971,"Kabo","NG","12220",11.85,8.216670000000001,"H4"
3900,1971,"Shuangyang","CN","23582",43.5,125.66667,"H5"
2500,1971,"Anlong","CN","2305",25.15,105.18333,"H5"
2500,1971,"Marilia","BR","15422",-22.25,-49.93333,"H4"
1544,1971,"Haver̦","FI","11859",60.24556,22.06194,"Ureilite"
350,1971,"Wethersfield (1971)","US","24250",41.7,-72.65000000000001,"L6"
177,1971,"Noventa Vicentina","IT","17930",45.29167,11.52722,"H4"
50000,1972,"Valera","VE","24149",9.31667,-70.62833000000001,"L5"
7000,1972,"Ipiranga","BR","12043",-25.5,-54.5,"H6"
288,1972,"Guibga","BF","11442",13.5,-0.68333,"L5"
4000,1973,"Lichtenberg","ZA","14646",-26.15,26.18333,"H6"
1400,1973,"Canon City","US","5253",38.47028,-105.24139,"H6"
56,1973,"San Juan Capistrano","US","23128",33.48472,-117.6625,"H6"
8000,1974,"Enshi","CN","10038",30.3,109.5,"H5"
4850,1974,"Mayo Belwa","NG","15451",8.966670000000001,12.08333,"Aubrite"
3618,1974,"Gorlovka","UA","10949",48.28333,38.08333,"H3.7"
2700,1974,"Naragh","IR","16909",33.75,51.5,"H6"
1000,1974,"Aioun el Atrouss","MR","423",16.39806,-9.57028,"Diogenite-pm"
483,1974,"Jolomba","AO","12199",-11.85,15.83333,"LL6"
50,1974,"Stratford","US","23728",41.2,-73.13333,"L6"
30000,1975,"Tuxtuac","MX","24086",21.66667,-103.36667,"LL5"
14250,1975,"Ningbo","CN","16980",29.86667,121.48333,"Iron, IVA"
10500,1975,"Tambakwatu","ID","23795",-7.75,112.76667,"L6"
7330,1975,"Ijopega","PG","12004",-6.03333,145.36667,"H6"
4000000,1976,"Jilin","CN","12171",44.05,126.16667,"H5"
45000,1976,"Dhajala","IN","6698",22.37778,71.42722000000001,"H3.8"
2600,1976,"Qingzhen","CN","18908",26.53333,106.46667,"EH3"
1914,1976,"Acapulco","MX","10",16.88333,-99.90000000000001,"Acapulcoite"
950,1976,"Junan","CN","12210",35.2,118.8,"L6"
642,1976,"Dowa","MW","7725",-13.66667,33.91667,"Stone-uncl"
605,1976,"Sheyang","CN","23531",33.65,120.06667,"L6"
465.5,1976,"Ruhobobo","UG","22780",-1.45,29.83333,"L6"
45.5,1976,"Grefsheim","NO","11196",60.66667,11,"L5"
75500,1977,"Xingyang","CN","24346",32.33333,114.31667,"H6"
17226,1977,"El Paso de Aguila","MX","45977",25.37,-97.37000000000001,"H5"
7500,1977,"Bo Xian","CN","5090",33.83333,115.83333,"LL3.9"
6000,1977,"Alta'ameem","IQ","2284",35.27333,44.21556,"LL5"
4576,1977,"Innisfree","CA","12039",53.415,-111.3375,"L5"
2500,1977,"Fuyang","CN","10840",32.9,115.9,"Stone-uncl"
1810,1977,"Changde","CN","5322",29.08333,111.75,"H5"
1300,1977,"Louisville","US","14716",38.25,-85.75,"L6"
1200,1977,"Iguaracu","BR","12003",-23.2,-51.83333,"H5"
23,1977,"Kutais","RU","12383",44.51667,39.3,"H5"
50000,1978,"Nuevo Mercurio","MX","17938",24.3,-102.13333,"H5"
4000,1978,"Chitenay","FR","5357",47.47083,0.97667,"L6"
498,1978,"Lishui","CN","14659",31.63333,118.98333,"L5"
20500,1979,"Jartai","CN","12074",39.7,105.8,"L6"
1600,1979,"Cilimus","ID","5364",-6.95,108.1,"L5"
5900,1980,"Xi Ujimgin","CN","24345",44.66667,117.5,"L/LL6-an"
2520,1980,"Lunan","CN","14754",24.8,103.3,"H6"
2000,1980,"Kaidun","YE","12228",15,48.3,"CR2"
1900,1980,"Guangrao","CN","11437",37.1,118.4,"L6"
1900,1980,"Richland Springs","US","22602",31.25,-99.03333000000001,"OC"
1100,1980,"Mianchi","CN","16631",34.8,111.7,"H5"
250000,1981,"Omolon","RU","18019",64.02,161.80833,"Pallasite, PMG"
93200,1981,"Machinga","MW","15371",-15.21222,35.24222,"L6"
50000,1981,"Akyumak","TR","433",39.91667,42.81667,"Iron, IVA"
34650,1981,"Gursum","ET","11465",9.366669999999999,42.41667,"H4/5"
18000,1981,"Dahmani","TN","5504",35.61667,8.83333,"LL6"
367,1981,"Chiang Khan","TH","5345",17.9,101.63333,"H6"
61.4,1981,"Salem","US","23107",44.97917,-122.96944,"L6"
2756,1982,"Wethersfield (1982)","US","24251",41.71056,-72.67361,"L6"
2449,1982,"Gujargaon","IN","11448",22.98333,76.05,"H5"
1275,1982,"Qidong","CN","18907",32.08333,121.5,"L/LL5"
100000,1983,"Kidairat","SD","12300",14,28,"H6"
67225,1983,"Rahimyar Khan","PK","31302",28.225,70.2,"L5"
4610,1983,"Ningqiang","CN","16981",32.925,105.90667,"C3-ung"
1443,1983,"Maryville","US","15436",35.8,-84.09999999999999,"L6"
100000,1984,"Gujba","NG","11449",11.49167,11.65833,"CBa"
32490,1984,"Jumapalo","ID","12209",-7.71667,111.2,"L6"
4162,1984,"Gashua","NG","44882",12.85,11.03333,"L6"
1455,1984,"Claxton","US","5374",32.1025,-81.87278000000001,"L6"
529,1984,"Nantong","CN","16907",32.11667,121.8,"H6"
488.1,1984,"Binningup","AU","5051",-33.15639,115.67639,"H5"
320,1984,"Aomori","JP","2313",40.81056,140.78556,"L6"
27.5,1984,"Tomiya","JP","24024",38.36667,140.86556,"H4/5"
45000,1985,"La Criolla","AR","12396",-31.23333,-58.16667,"L6"
20000,1985,"Ankhediya Mota","IN","2303",22.35556,73.575,"L4/5"
43,1985,"Salzwedel","DE","23114",52.75,11.05,"LL5"
260000,1986,"Suizhou","CN","23738",31.61667,113.46667,"L6"
68500,1986,"Kheri Maham","IN","12295",28.97083,76.32278,"L5"
50000,1986,"Wuan","CN","24340",36.75,114.25,"H6"
11510,1986,"Kokubunji","JP","12342",34.3,133.95,"L6"
10200,1986,"Raghunathpura","IN","22371",27.72528,76.465,"Iron, IIAB"
2232,1986,"Tianzhang","CN","23984",32.94667,118.99,"H5"
1282,1986,"Lanxi","CN","12464",46.24167,126.19611,"L6"
1215.5,1986,"Oued el Hadjar","MA","18050",30.18,-6.57717,"LL6"
430,1986,"Sayama","JP","23192",35.86667,139.4,"CM2"
113.4,1986,"Undulung","RU","24121",66.13889,124.76667,"L4"
14250,1987,"Laochenzhen","CN","12466",33.13333,115.16667,"H5"
3920,1988,"Chisenga","MW","5355",-10.05944,33.395,"Iron, IIIAB"
2936,1988,"Chela","TZ","5338",-3.66667,32.5,"H4"
1430,1988,"Palca de Aparzo","AR","18074",-23.11667,-65.09999999999999,"L5"
1250,1988,"Trebbin","DE","24042",52.21667,13.16667,"LL6"
1025,1988,"Ceniceros","MX","5306",26.46667,-105.23333,"L3.7"
977,1988,"Torino","IT","24029",45.06667,7.66667,"H6"
40000,1989,"Sivas","TR","23617",39.82467,36.13583,"H6"
10000,1989,"El Idrissia","DZ","7807",34.41667,3.25,"L6"
7000,1989,"Sfax","TN","23512",34.75,10.71667,"L6"
1557,1989,"Bawku","GH","4976",11.08333,-0.18333,"LL5"
1000,1989,"Uchkuduk","UZ","24098",41.76667,62.51667,"L6"
630,1989,"Sixiangkou","CN","23619",32.43333,119.86667,"L5"
325000,1990,"Sterlitamak","RU","23724",53.66667,55.98333,"Iron, IIIAB"
17450,1990,"Quija","CN","22361",44.61667,126.13333,"H"
4720,1990,"Itqiy","EH","12058",26.59083,-12.95217,"EH7-an"
1504,1990,"Burnwell","US","5175",37.62194,-82.23721999999999,"H4-an"
670,1990,"Glanerbrug","NL","10923",52.2,6.86667,"L/LL5"
666.6,1990,"Magombedze","ZW","15387",-19.48333,31.65,"H3-5"
110000,1991,"Mount Tazerzait","NE","16804",18.7,4.8,"L5"
23680,1991,"Campos Sales","BR","5249",-7.03333,-40.16667,"L5"
1000,1991,"Tahara","JP","23784",34.72,137.305,"H4/5"
767,1991,"Glatton","GB","10930",52.45972,-0.3,"L6"
483.7,1991,"Noblesville","US","16985",40.08528,-86.05500000000001,"H4-6"
150000,1992,"Mbale","UG","15455",1.06667,34.16667,"L5/6"
12570,1992,"Peekskill","US","18782",41.28333,-73.91667,"H6"
6380,1992,"Mihonoseki","JP","16635",35.56833,133.22,"L6"
36900,1993,"Songyuan","CN","23668",45.25,125,"L6"
16700,1993,"Ban Rong Du","TH","4934",16.66667,101.18333,"Iron, ungrouped"
5000,1993,"El Tigre","MX","7819",19.96722,-103.05167,"L6"
866,1993,"Senboku","JP","23496",39.43833,140.51167,"H6"
40000,1994,"Lohawat","IN","14678",26.96556,72.62667,"Howardite"
25400,1994,"St-Robert","CA","23733",45.96861,-72.97806,"H5"
15500,1994,"Baszkówka","PL","4957",52.03333,20.93583,"L5"
12000,1994,"New Halfa","SD","16954",15.36667,35.68333,"L4"
1140,1994,"Devri-Khera","IN","6696",24.225,76.52500000000001,"L6"
469,1994,"Coleman","US","5401",43.76111,-84.50778,"L6"
128800,1995,"Dong Ujimqin Qi","CN","7706",45.5,119.03333,"Mesosiderite"
5000,1995,"Galkiv","UA","10850",51.68333,30.78333,"H4"
1710,1995,"Silao","MX","23594",20.93333,-101.38333,"H5"
420,1995,"Neagari","JP","16934",36.44917,136.46528,"L6"
189,1995,"P̩t̬lkol̩","NE","18800",14.052,0.42,"H5"
42000,1996,"Piplia Kalan","IN","18831",26.03472,73.94167,"Eucrite-mmict"
10200,1996,"Fermo","IT","10091",43.18111,13.75333,"H3-5"
2910,1996,"Guangmingshan","CN","11435",39.80417,122.76389,"H5"
800,1996,"Tsukuba","JP","24059",36.06333,140.145,"H5-6"
89.3,1996,"Turtle Lake","US","47343",45.34583,-92.05167,"L5"
100000,1997,"Juancheng","CN","12203",35.5,115.41667,"H5"
1551,1997,"Worden","US","24337",42.38467,-83.61150000000001,"L5"
1303.8,1997,"Vissannapeta","IN","24188",16.83333,80.75,"Eucrite-cm"
1100000,1998,"Kunya-Urgench","TM","12379",42.25,59.2,"H5"
71400,1998,"Portales Valley","US","18874",34.175,-103.295,"H6"
20000,1998,"Ourique","PT","18052",37.60833,-8.279999999999999,"H4"
7000,1998,"Dashoguz","TM","6604",41.98444,59.685,"H5"
3700,1998,"Chadong","CN","5313",28.53333,109.31667,"L6"
2587,1998,"Monahans (1998)","US","16719",31.60833,-102.85833,"H5"
680.5,1998,"Elbert","US","7822",39.24667,-104.58817,"LL6"
202.6,1998,"Kitchener","CA","12326",43.38333,-80.38333,"L6"
25000,1999,"Bilanga","BF","5045",12.45,-0.08333,"Diogenite"
10000,1999,"Djoumine","TN","7657",36.95,9.550000000000001,"H5-6"
1500,1999,"Katagum","NG","35465",11.33333,10.08333,"L6"
478,1999,"Sabrum","IN","22793",23.08333,91.66667,"LL6"
271.4,1999,"Leighlinbridge","IE","12759",52.66667,-6.96667,"L6"
136,1999,"Kobe","JP","12336",34.73333,135.16667,"CK4"
30,1999,"Dunbogan","AU","7743",-31.66667,152.83333,"L6"
10000,2000,"Tagish Lake","CA","23782",59.70444,-134.20139,"C2-ung"
5700,2000,"Yafa","YE","24351",13.71111,45.17,"H5"
633,2000,"Morávka","CZ","16742",49.6,18.53333,"H5"
19000,2001,"Beni M'hira","TN","5018",32.86667,10.8,"L6"
12500,2001,"Dergaon","IN","6664",26.68333,93.86667,"H5"
12000,2001,"Devgaon","IN","6694",19,81,"H3.8"
5300,2001,"Bukhara","UZ","30448",39.77978,64.60035000000001,"CV3"
700,2001,"Al Zarnkh","SD","447",13.66033,28.96,"LL5"
45300,2002,"Thuathe","LS","23976",-29.33333,27.58333,"H4/5"
19000,2002,"Kilabo","NG","12307",12.76667,9.800000000000001,"LL6"
6189,2002,"Neuschwanstein","DE","16950",47.525,10.80833,"EL6"
6000,2002,"Maromandia","MG","15430",-14.2,48.1,"L6"
678,2002,"Bhawad","IN","36591",26.50833,73.11528,"LL6"
252,2002,"Alby sur Ch̩ran","FR","458",45.82133,6.01533,"Eucrite-mmict"
237,2002,"San Michele","IT","31315",43.66667,13,"L6"
45000,2002,"Bensour","MA","5024",30,-7,"LL6"
19256,2003,"New Orleans","US","16960",29.94718,-90.10975999999999,"H5"
18000,2003,"Park Forest","US","18106",41.48472,-87.67917,"L5"
17000,2003,"Oum Dreyga","EH","31282",24.3,-13.1,"H3-5"
16820,2003,"Kasauli","IN","30740",29.58333,77.58333,"H4"
6669,2003,"Kendrapara","IN","12276",20.4625,86.70278,"H4-5"
4440,2003,"Ouadangou","BF","56729",12.9,0.08,"L5"
414,2003,"Hiroshima","JP","11889",34.45,132.38333,"H5"
167.7,2003,"Hoima","UG","44714",1.345,31.47278,"H6"
25000,2004,"Benguerir","MA","30443",32.25,-8.15,"LL6"
4629,2004,"Maigatari-Danduma","NE","30751",12.83333,9.383330000000001,"H5/6"
3500,2004,"Villalbeto de la Peña","ES","24179",42.8,-4.66667,"L6"
1600,2004,"Kaprada","IN","47357",20.33916,73.22329000000001,"L5/6"
960,2004,"Berthoud","US","47355",40.30583,-105.02325,"Eucrite-mmict"
180,2004,"Orlando","US","34489",28.5475,-81.36221999999999,"Eucrite"
29560,2006,"Bassikounou","MR","44876",15.78333,-5.9,"H5"
6800,2006,"Kavarpura","IN","47351",25.14333,75.81332999999999,"Iron, IIE-an"
4000,2006,"Werdama","LY","47344",32.79732,21.78713,"H5"
3763,2006,"Moss","NO","36592",59.43333,10.7,"CO3.6"
100,2006,"Jodiya","IN","47362",22.68,70.31332999999999,"L5"
100000,2007,"Chergach","ML","47347",23.69639,-5.01472,"H5"
70500,2007,"Mahadevpur","IN","47361",27.66667,95.78333000000001,"H4/5"
3396,2007,"Didim","TR","47350",37.35172,27.32997,"H3-5"
500,2007,"Puerto Lápice","ES","45984",39.35,-3.51667,"Eucrite-br"
478,2007,"Cali","CO","45976",3.405,-76.51000000000001,"H/L4"
342,2007,"Carancas","PE","45817",-16.66444,-69.04389000000001,"H4-5"
324,2007,"Bunburra Rockhole","AU","48653",-31.35,129.19,"Eucrite"
18.41,2007,"Red Canyon Lake","US","53502",38.13742,-119.75812,"H5"
110000,2008,"Sulagiri","IN","48951",12.66667,78.03333000000001,"LL6"
100000,2008,"Tamdakht","MA","48691",31.16333,-7.015,"H5"
41000,2008,"Buzzard Coulee","CA","48654",52.996,-109.84817,"H4"
6913,2008,"Pleşcoi","RO","51706",45.275,26.70972,"L5-6"
6580,2008,"Daule","EC","51559",-1.87089,-79.95756,"L5"
5760,2008,"Kemer","TR","53654",36.54194,29.41822,"L4"
4000,2008,"Santa Lucia (2008)","AR","50909",-31.535556,-68.48944400000001,"L6"
3950,2008,"Almahata Sitta","SD","48915",20.74575,32.41275,"Ureilite-an"
270,2008,"Berduc","AR","48975",-31.91,-58.32833,"L6"
9500,2009,"Ash Creek","US","48954",31.805,-97.01000000000001,"L6"
3667,2009,"Jesenice","SI","51589",46.42137,14.05217,"L6"
2139,2009,"Whetstone Mountains","US","49514",31.96185,-110.434183,"H5"
215,2009,"Grimsby","CA","50911",43.2,-79.61667,"H5"
25.81,2009,"Maribo","DK","48973",54.76183,11.46745,"CM2"
4300,2010,"Košice","SK","53810",48.76367,21.17633,"H5"
3584,2010,"Mifflin","US","52090",42.9075,-90.36556,"L5"
2500,2010,"Varre-Sai","BR","53633",-20.85001,-41.73356,"L5"
1600,2010,"Huaxi","CN","54719",26.46469,106.63241,"H5"
329.7,2010,"Lorton","US","52843",38.70066,-77.21163,"L6"
14200,2011,"Thika","KE","54493",-1.00278,37.15028,"L6"
7000,2011,"Tissint","MA","54823",29.48195,-7.61123,"Martian (shergottite)"
1066,2011,"Sołtmany","PL","53829",54.00883,22.005,"L6"
2900,2012,"Battle Mountain","US","56133",40.66813,-117.18913,"L6"
992.5,2012,"Sutter's Mill","US","55529",38.80389,-120.90806,"C"
190,2003,"Boumdeid","MR","57168",17.4264,-11.2229,"L6"
3600,2011,"Boumdeid","MR","57167",17.10496,-11.2048,"L6"
100000,2013,"Chelyabinsk","RU","57165",54.49,61.07,"L6"
